Hub,Headline,Probabilistic_Update,Barthesian_Myth,Source,Date
Georgia,Marvel leaves Georgia to film in UK â€” gutting state's movie industry,"Decreases Georgia strength, increases UK strength",Fall of the Scrappy Underdog,New York Post,2025-08-18
Georgia,Georgia film spending plummets 37% after strikes,Major decrease in Georgia production capacity,Southern Reinvention Under Pressure,Atlanta Journal Constitution,2024-12-17
Georgia,Is Marvel leaving Georgia? Here's what to know,Uncertainty about Georgia's future as hub,Uncertainty in Y'allywood,USA Today,2025-08-26
Canada,B.C. budget increases Canadian content TV/film productions tax credit,Increases Canada competitive position via incentives,Efficient Mimic Adapts,Vancouver Sun,2025-03-04
Canada,How US Tariffs affect Canada's film industry,Risk factor for Canada from trade policy,Hollywood North Under Threat,Hnmag.ca,2025-06-22
Canada,6 Ways Film and TV Producers Can Benefit from Filming in Canada,Reinforces Canada as attractive alternative,Reliable Alternative Narrative,EP Canada,2024-10-15
UK,Pinewood scales back studio plans in blow to UK film industry,Decreases UK production capacity confidence,Heritage & Craft Decline,Yahoo News,2025-03-06
UK,U.K.'s Pinewood Studios Unveils Revised Expansion Plans,Mixed signals - adaptation but reduced scale,Bond's Home Adapts,Hollywood Reporter,2025-01-30
UK,Data center planned at UK's iconic Pinewood Studios,Pivot from content to tech infrastructure,From Magic to Data,Data Center Dynamics,2025-02-03
South Korea,Korean content on Netflix in 2024 ranked 2nd in global views,Major increase in South Korea global content dominance,Precision Soft Power Ascendant,Korea.net,2025-04-15
South Korea,Netflix's new K-drama facing boycott turns global smash hit,Reinforces South Korea cultural soft power,Cultural Export Machine,Indian Express,2025-07-31
South Korea,South Korean Content Second Only To U.S. In Netflix's Global,Confirms South Korea as #2 global content producer,K-Content Global Dominance,Deadline,2025-04-14
India,Bollywood's $1.3 billion comeback year in 2023 was one of its best,Strong recovery signal for India/Bollywood,Bollywood Spectacle Returns,Fortune,2024-01-01
India,Indian Yearly Box Office reaches $667M in 2022,Demonstrates India market scale and resilience,Excess & Melodrama Resilient,Box Office Mojo,2025-08-31
India,All Movies Total India Net in 2025: 6840.62 Cr,Confirms India domestic market strength,Community Cinema Thrives,Sacnilk,2025-08-31
Nigeria,Big Ticket Nollywood: Leading The Charge In African Cinema,Major increase in Nigeria industry maturation,Hustle & Speed Success,Forbes Africa,2024-08-18
Nigeria,Nollywood's Golden Age revenue surged 125% in 2024,Strong growth signal for Nollywood economics,Nollywood Golden Age,AI News,2025-05-18
Nigeria,Nigeria's Cinema Industry: Why Investors Are Eyeing Nollywood,International investment validation for Nigeria,Survival Creativity Validated,YouTube/Bloomberg,2025-05-02
China,Hollywood won't budge for Chinese censors anymore,Decreases China as destination for Hollywood content,Closed Empire Rejected,CNN,2022-07-08
China,Hong Kong passes new film censorship law,Increases China regulatory risk perception,Tightening Control Narrative,BBC,2021-10-26
